repo,pr_number,num_files,additions,deletions,duration_hours,description_length,num_comments,num_reviews,num_participants
swisskyrepo/PayloadsAllTheThings,749,1,36,68,11.895,0,0,0,1
swisskyrepo/PayloadsAllTheThings,745,3,142,32,2.5791666666666666,1259,0,0,1
swisskyrepo/PayloadsAllTheThings,744,1,68,74,2.765833333333333,19,0,0,1
swisskyrepo/PayloadsAllTheThings,743,1,29,27,2.9630555555555556,13,0,0,1
swisskyrepo/PayloadsAllTheThings,741,1,0,179,78.81277777777778,0,0,0,1
swisskyrepo/PayloadsAllTheThings,740,30,793,748,1.1933333333333334,378,0,1,1
swisskyrepo/PayloadsAllTheThings,725,1,114,0,7.073333333333333,289,0,0,1
swisskyrepo/PayloadsAllTheThings,723,1,7,1,45.937777777777775,299,0,0,1
swisskyrepo/PayloadsAllTheThings,722,1,2,2,64.03333333333333,163,0,0,1
swisskyrepo/PayloadsAllTheThings,721,1,15,0,162.63944444444445,324,0,0,1
swisskyrepo/PayloadsAllTheThings,719,1,37,0,1.0369444444444444,180,0,0,1
swisskyrepo/PayloadsAllTheThings,718,1,2,2,1.8358333333333334,545,0,0,1
swisskyrepo/PayloadsAllTheThings,717,1,2,2,16.87472222222222,43,0,0,1
swisskyrepo/PayloadsAllTheThings,712,1,1,0,1.9977777777777779,0,0,0,1
swisskyrepo/PayloadsAllTheThings,711,1,12,0,11.152777777777779,90,0,0,1
swisskyrepo/PayloadsAllTheThings,710,1,4,1,42.33111111111111,78,0,0,1
swisskyrepo/PayloadsAllTheThings,708,1,9,0,599.9372222222222,0,0,0,1
swisskyrepo/PayloadsAllTheThings,706,1,9,1,2874.4275,136,0,0,1
swisskyrepo/PayloadsAllTheThings,705,1,7,0,1011.6288888888889,48,0,0,1
swisskyrepo/PayloadsAllTheThings,704,1,9,0,5.761111111111111,51,0,0,1
swisskyrepo/PayloadsAllTheThings,703,1,14,1,45.458333333333336,138,0,0,1
swisskyrepo/PayloadsAllTheThings,702,27,600,1327,2.883888888888889,0,0,0,1
swisskyrepo/PayloadsAllTheThings,701,1,2,0,188.87916666666666,180,0,0,1
swisskyrepo/PayloadsAllTheThings,700,1,1,1,2.778611111111111,139,0,0,1
swisskyrepo/PayloadsAllTheThings,698,1,11,0,5.675833333333333,90,0,0,1
swisskyrepo/PayloadsAllTheThings,697,1,8,0,932.5086111111111,33,0,0,1
swisskyrepo/PayloadsAllTheThings,696,1,16,0,12.4975,162,0,0,1
swisskyrepo/PayloadsAllTheThings,695,1,8,0,1.9669444444444444,225,0,0,1
swisskyrepo/PayloadsAllTheThings,694,1,9,0,59.464444444444446,67,0,0,1
swisskyrepo/PayloadsAllTheThings,693,1,1,0,265.79805555555555,15,0,0,1
swisskyrepo/PayloadsAllTheThings,692,1,24,9,288.8936111111111,0,0,0,1
swisskyrepo/PayloadsAllTheThings,691,1,1,1,47.62305555555555,0,0,0,1
swisskyrepo/PayloadsAllTheThings,690,1,11,1,2.7552777777777777,57,0,0,1
swisskyrepo/PayloadsAllTheThings,689,5,10,10,164.0702777777778,35,0,0,1
swisskyrepo/PayloadsAllTheThings,688,1,47,0,238.74277777777777,79,0,0,1
swisskyrepo/PayloadsAllTheThings,687,1,13,0,272.04555555555555,150,0,0,1
swisskyrepo/PayloadsAllTheThings,684,0,0,0,15.996944444444445,0,0,0,1
swisskyrepo/PayloadsAllTheThings,682,1,2,2,26.826666666666668,25,0,0,1
swisskyrepo/PayloadsAllTheThings,681,1,3,2,76.68916666666667,119,0,0,1
swisskyrepo/PayloadsAllTheThings,678,1,221,0,12.8975,643,0,0,1
swisskyrepo/PayloadsAllTheThings,677,1,95,0,15.137777777777778,213,0,0,1
swisskyrepo/PayloadsAllTheThings,676,2,16,6,95.74972222222222,167,0,0,1
swisskyrepo/PayloadsAllTheThings,675,1,15,0,197.1725,134,0,0,1
swisskyrepo/PayloadsAllTheThings,674,1,1,1,21.65222222222222,25,0,0,1
swisskyrepo/PayloadsAllTheThings,673,1,3,0,11.336388888888889,86,0,0,1
swisskyrepo/PayloadsAllTheThings,672,1,31,0,16.831944444444446,211,0,0,1
swisskyrepo/PayloadsAllTheThings,671,1,10,0,19.552777777777777,196,0,0,1
swisskyrepo/PayloadsAllTheThings,670,1,48,0,14.088333333333333,93,0,0,1
swisskyrepo/PayloadsAllTheThings,669,1,39,0,944.215,32,0,0,1
swisskyrepo/PayloadsAllTheThings,668,1,12,0,14.425555555555556,81,0,0,1
swisskyrepo/PayloadsAllTheThings,667,1,6,0,24.414722222222224,106,0,0,1
swisskyrepo/PayloadsAllTheThings,666,1,1,0,25.238611111111112,0,0,0,1
swisskyrepo/PayloadsAllTheThings,665,1,4,0,1172.4358333333332,238,0,0,1
swisskyrepo/PayloadsAllTheThings,664,1,22,0,24.15138888888889,183,0,0,1
swisskyrepo/PayloadsAllTheThings,663,1,11,0,1500.5969444444445,138,0,0,1
swisskyrepo/PayloadsAllTheThings,662,1,13,0,1581.513888888889,275,0,0,1
swisskyrepo/PayloadsAllTheThings,660,1,30,7,3.8766666666666665,263,0,0,1
swisskyrepo/PayloadsAllTheThings,658,1,1,3,40.586666666666666,105,0,0,1
swisskyrepo/PayloadsAllTheThings,651,1,5,2,10.116944444444444,102,0,0,1
swisskyrepo/PayloadsAllTheThings,650,1,4,4,22.315555555555555,90,0,0,1
swisskyrepo/PayloadsAllTheThings,646,1,1,1,1.5166666666666666,0,0,0,1
swisskyrepo/PayloadsAllTheThings,645,1,1,0,451.8538888888889,43,0,0,1
swisskyrepo/PayloadsAllTheThings,644,1,2,2,9.5575,29,0,0,1
swisskyrepo/PayloadsAllTheThings,641,1,1,1,3797.356111111111,115,0,0,1
swisskyrepo/PayloadsAllTheThings,640,1,24,1,185.57472222222222,0,0,0,1
swisskyrepo/PayloadsAllTheThings,638,3,134,30,5.782777777777778,283,0,0,1
swisskyrepo/PayloadsAllTheThings,637,2,274,7,3.8558333333333334,138,0,0,1
swisskyrepo/PayloadsAllTheThings,636,2,274,7,1.2655555555555555,130,0,0,1
swisskyrepo/PayloadsAllTheThings,635,1,2,2,2.8247222222222224,558,0,0,1
swisskyrepo/PayloadsAllTheThings,634,1,1,1,18.30361111111111,112,0,0,1
swisskyrepo/PayloadsAllTheThings,632,1,128,0,27.116944444444446,18,0,0,1
swisskyrepo/PayloadsAllTheThings,630,1,44,0,5202.787222222222,0,0,0,1
swisskyrepo/PayloadsAllTheThings,628,1,1,0,5391.29,122,0,0,1
swisskyrepo/PayloadsAllTheThings,627,1,1,0,15.084166666666667,0,0,0,1
swisskyrepo/PayloadsAllTheThings,626,1,2,1,7.4686111111111115,226,0,0,1
swisskyrepo/PayloadsAllTheThings,625,1,5,0,5620.174166666667,80,0,0,1
swisskyrepo/PayloadsAllTheThings,623,1,21,0,158.74194444444444,49,0,0,1
swisskyrepo/PayloadsAllTheThings,621,2,8,1,4.573888888888889,0,0,0,1
swisskyrepo/PayloadsAllTheThings,620,1,11,1,1.0280555555555555,0,0,0,1
swisskyrepo/PayloadsAllTheThings,619,1,19,2,16.553055555555556,0,0,0,1
swisskyrepo/PayloadsAllTheThings,618,1,3,21,9.373055555555556,44,0,0,1
swisskyrepo/PayloadsAllTheThings,616,1,21,3,6.837777777777778,0,0,0,1
swisskyrepo/PayloadsAllTheThings,615,1,2,3,10.621944444444445,47,0,0,1
swisskyrepo/PayloadsAllTheThings,614,1,21,1,9.783611111111112,135,0,0,1
swisskyrepo/PayloadsAllTheThings,613,1,0,6,2.1061111111111113,442,0,0,1
swisskyrepo/PayloadsAllTheThings,612,1,16,0,793.4036111111111,37,0,0,1
swisskyrepo/PayloadsAllTheThings,610,1,2,2,1096.3230555555556,37,0,1,2
swisskyrepo/PayloadsAllTheThings,609,1,3,3,212.67527777777778,0,0,0,1
swisskyrepo/PayloadsAllTheThings,608,1,7,1,6.848055555555556,48,0,0,1
swisskyrepo/PayloadsAllTheThings,606,1,3,3,2.9611111111111112,68,0,0,1
swisskyrepo/PayloadsAllTheThings,605,1,1,0,2.4141666666666666,0,0,0,1
swisskyrepo/PayloadsAllTheThings,604,1,476,0,515.6066666666667,217,0,0,1
swisskyrepo/PayloadsAllTheThings,603,1,2,2,2.5394444444444444,155,0,0,1
swisskyrepo/PayloadsAllTheThings,601,1,6,0,1215.1147222222223,273,0,0,1
swisskyrepo/PayloadsAllTheThings,597,1,20,0,1.551111111111111,0,0,0,1
swisskyrepo/PayloadsAllTheThings,596,1,17,1,1.55,0,0,0,1
swisskyrepo/PayloadsAllTheThings,593,1,56,1,6.615833333333334,61,0,0,1
swisskyrepo/PayloadsAllTheThings,592,1,13,2,1484.7716666666668,138,0,0,1
swisskyrepo/PayloadsAllTheThings,591,5,9,14,6.613611111111111,153,0,0,1
swisskyrepo/PayloadsAllTheThings,590,1,39,1,1.1755555555555555,90,0,0,1
